{"_runtime":58.676897,"_wandb":{"runtime":59},"_step":88,"Episode":88,"Episode_Reward":-952771.2478706777,"Steps_in_Episode":196,"Total_Timesteps":17444,"_timestamp":1.747238908819044e+09}