{"_timestamp":1.74724036138977e+09,"_runtime":66.920591,"_step":101,"Episode":101,"Episode_Reward":-792394.1390351141,"_wandb":{"runtime":67},"Steps_in_Episode":196,"Total_Timesteps":19992}