{"_wandb":{"runtime":10},"_timestamp":1.747512043855737e+09,"_runtime":10.831961,"_step":3920,"ep_rew":-10.303013801574707,"ep_len":0}