{"_runtime":47.985822,"_step":20580,"_wandb":{"runtime":47},"ep_rew":-6.3503522872924805,"ep_len":0,"_timestamp":1.747512225204967e+09}