{"ep_rew":-3.574718713760376,"ep_len":0,"_timestamp":1.747319791160445e+09,"_runtime":33.507017,"_wandb":{"runtime":33},"_step":13916}