{"_runtime":78.053319,"_step":43974,"ep_rew":-0.13909322023391724,"_wandb":{"runtime":78},"ep_len":0,"_timestamp":1.747319061754966e+09}