{"_runtime":11.666442,"_step":3920,"ep_rew":-8.025894165039062,"ep_len":0,"_wandb":{"runtime":11},"_timestamp":1.7475118156111739e+09}