Dry yield (tonne/ha)_mean,Dry yield (tonne/ha)_std,Seasonal irrigation (mm)_mean,Seasonal irrigation (mm)_std,Profit_mean,WaterEfficiency_mean,label
5.85971667578193,0.0,2350.0,0.0,-1560.8623313279754,2.4934964577795444,Random
6.225729690965115,0.8128153761848285,424.7610390420007,59.71305791299318,444.8994929703247,14.657016813515964,Interval
4.901967631939847,1.1948936697723933,0.0,0.0,578.4328790267664,,Rainfed
6.217823281189286,0.8157080621235794,210.8108108108108,111.10876499024575,657.110311050832,29.494802744103023,Thresholds
5.859416534539744,0.0,333.3333333333333,0.0,455.73830426541053,17.578249603619234,PPO
