{"_step":9212,"ep_rew":-6.648344039916992,"ep_len":0,"_timestamp":1.747512158955126e+09,"_wandb":{"runtime":22},"_runtime":22.669245}