Dry yield (tonne/ha)_mean,Dry yield (tonne/ha)_std,Seasonal irrigation (mm)_mean,Seasonal irrigation (mm)_std,Profit_mean,WaterEfficiency_mean,label
5.859744909646445,0.0,341.6666666666667,0.0,447.47721345555124,17.15047290628228,PPO_500000
5.859416534539744,0.0,333.3333333333333,0.0,455.73830426541053,17.578249603619234,PPO_1000000
5.858285890255604,0.0,333.3333333333333,0.0,455.48956252289963,17.57485767076681,PPO_2000000
